{
  "fd": {
    "mean_pct_diff": -12.864949735712308,
    "std_pct_diff": 4.637183331134679,
    "max_pct_diff": -8.797079609786481,
    "min_pct_diff": -16.89954897304537,
    "mean_speedup": 8.172478905626319,
    "std_speedup": 5.306209543066658,
    "max_speedup": 13.305382401837576,
    "min_speedup": 2.402296623240987,
    "n_cases": 4
  },
  "colloc": {
    "mean_pct_diff": -12.952036832038097,
    "std_pct_diff": 4.601076370884005,
    "max_pct_diff": -8.912200507743878,
    "min_pct_diff": -16.95691288135347,
    "mean_speedup": 9.333715226669117,
    "std_speedup": 4.895134711749963,
    "max_speedup": 13.806880281596758,
    "min_speedup": 5.052881216446198,
    "n_cases": 4
  }
}