{
  "fd": {
    "mean_pct_diff": -15.216635531058326,
    "std_pct_diff": 13.636466588861362,
    "max_pct_diff": -7.613120789618715,
    "min_pct_diff": -50.81930341567139,
    "mean_speedup": 3.964480146545649,
    "std_speedup": 2.328936568026054,
    "max_speedup": 7.687225014683406,
    "min_speedup": 0.021177839662568355,
    "n_cases": 9
  },
  "colloc": {
    "mean_pct_diff": -10.466390861125742,
    "std_pct_diff": 2.967688348065258,
    "max_pct_diff": -7.5493339064769325,
    "min_pct_diff": -14.95073760611802,
    "mean_speedup": 4.3445965242161755,
    "std_speedup": 1.6321949015146402,
    "max_speedup": 6.697139021825802,
    "min_speedup": 2.464869755040447,
    "n_cases": 9
  }
}