{
  "fd": {
    "mean_pct_diff": -83.97993502076802,
    "std_pct_diff": 2.835646133173398,
    "max_pct_diff": -81.23469750445248,
    "min_pct_diff": -86.43051759856948,
    "mean_speedup": 28.688721071576676,
    "std_speedup": 19.475488225605844,
    "max_speedup": 45.38975367737102,
    "min_speedup": 7.503726031876092,
    "n_cases": 4
  },
  "colloc": {
    "mean_pct_diff": -83.99495039822993,
    "std_pct_diff": 2.8386139204990224,
    "max_pct_diff": -81.24765275866245,
    "min_pct_diff": -86.44764567754926,
    "mean_speedup": 34.45927337278475,
    "std_speedup": 21.187949329216448,
    "max_speedup": 53.72296677151019,
    "min_speedup": 14.612549509616326,
    "n_cases": 4
  }
}